"contact_id","last_name","first_name","pledged"
3411,"Flores","Casey","199110.0"
1791,"Arellano","Ludovica","198628.0"
3041,"Linares","Severino","197728.0"
3903,"Guardado","Cornelio","197024.0"
3181,"Guyot","Roberto","197018.0"
1373,"Castillo","Cindy","196960.0"
3533,"Wright","Modesto","196779.0"
3169,"Ullrich","Stella","196386.0"
2951,"Striebitz","Olivia","196377.0"
6142,"Leconte","Tom","195936.0"
4253,"Howell","Jason","195750.0"
1926,"Bernardi","Darren","194912.0"
1939,"Vigliotti","Susan","194309.0"
2350,"Reuter","Claudio","194166.0"
1834,"Figueroa","Perla","193820.0"
4376,"Laine","Josette","193413.0"
5139,"Knight","Grit","193101.0"
2676,"Adams","Sam","192292.0"
5230,"Thanel","Gebhard","191222.0"
3813,"Marenzio","Amalia","189666.0"
3753,"Barrera","Zeferino","189192.0"
4732,"Lang","Henriette","188982.0"
3463,"Howard","Geza","188721.0"
4994,"Hunt","Stewart","188628.0"
5179,"Patrick","Gunar","188480.0"
2239,"Ferguson","Jared","188404.0"
4388,"Aponte","Eleni","188288.0"
1879,"Thibault","Hiltrud","188057.0"
3847,"Olmos","Hermelinda","186885.0"
2329,"Prieto","Mariano","184750.0"
3848,"Rossi","Nicola","184658.0"
2077,"Watts","Cilli","184086.0"
1935,"Fonseca","Omar","183756.0"
1794,"Bourgeois","Heiko","183345.0"
4666,"Pugh","Annalisa","182302.0"
6141,"Bartlett","Kristy","182036.0"
4465,"Briand","Genaro","180802.0"
5019,"Fischer","Celal","180667.0"
3069,"Mallet","Loretta","179356.0"
1792,"Snow","Anne","179074.0"
4333,"Beyer","Gastone","178965.0"
1742,"Luzi","Giustino","178483.0"
1725,"Perrin","Svenja","178338.0"
5110,"Tapia","Meryem","178120.0"
3219,"Nohlmans","Carole","177936.0"
3025,"Fraser","Herbert","176398.0"
3694,"Villarreal","Frida","176112.0"
3401,"Huynh","Marta","175868.0"
1276,"Stein","Gioffre","175573.0"
3522,"Roman","Alfio","175020.0"
4768,"Gracia","Manuel","175015.0"
5637,"Martineau","Irina","174039.0"
1640,"Montenegro","Milan","173437.0"
4466,"Pininfarina","Damaris","173191.0"
3691,"Delgadillo","Monique","172736.0"
1669,"Scholl","Leonid","171729.0"
2969,"Pottier","Benita","171549.0"
3006,"Lowery","Abril","170623.0"
1620,"Pages","Valentina","169586.0"
5512,"Santiago","Jerry","168820.0"
4605,"Gardner","Philippe","168095.0"
3999,"Espino","Marcus","168048.0"
4064,"Rivera","Tyler","167717.0"
3234,"Mena","Kata","167005.0"
3666,"Serrano","Alexandre","166874.0"
6151,"Wilson","Pedro","166116.0"
3309,"Kidd","Hanne","165954.0"
1349,"Jacquot","Carlo","165798.0"
2155,"Bowen","Ilaria","165375.0"
5005,"Carlier","Giampiero","165352.0"
5967,"Wade","Franck","164291.0"
4838,"Acosta","Valentine","164109.0"
1822,"Brambilla","Michele","163118.0"
2150,"Bradford","Amedeo","162603.0"
4238,"Cortez","Dawn","161593.0"
5409,"Franceschi","Linda","160422.0"
3779,"Porzio","Dylan","159931.0"
3033,"Hopkins","Bertrand","159405.0"
5666,"Hall","Eleanor","159185.0"
5235,"Harrison","Ugo","159056.0"
1495,"Andre","Richard","159037.0"
2037,"Redi","Lucie","158832.0"
4676,"Jockel","Hannah","158669.0"
1831,"Ferrante","Marcela","158590.0"
2611,"Hutchinson","Thomas","158389.0"
6051,"Drubin","Bianca","157635.0"
2576,"Chambers","Branko","156384.0"
1422,"Lamy","Kirsty","155849.0"
3349,"Sauvage","Simone","155349.0"
2453,"Simpson","Ronald","154321.0"
4140,"Ravaglioli","Maura","153338.0"
3684,"Noack","Whitney","153216.0"
4765,"Barnes","Eric","152438.0"
1883,"Giraud","Jennifer","151513.0"
4076,"Delle","Carlos","151438.0"
4242,"Madrid","Marina","150965.0"
1717,"Bonnet","Luigi","150960.0"
4349,"Pace","Anouk","150806.0"
5981,"Greer","Rebecca","150755.0"
1677,"Henry","Frank","150552.0"
2810,"Caccioppoli","Vittorio","150515.0"
2326,"Coleman","Tonia","149578.0"
4909,"Merle","Lea","148779.0"
2900,"Alcala","Lina","147936.0"
1316,"Haynes","Evelyn","146595.0"
6026,"Buckley","Laura","145382.0"
3871,"Lemus","Alvaro","145265.0"
1664,"Steinberg","Susi","145243.0"
4222,"Gabbana","Herma","143910.0"
2290,"Guerrero","Gerdi","143788.0"
4593,"Rosenow","Burghard","142823.0"
4187,"Woods","Sofie","142523.0"
5849,"Ryan","Colette","141822.0"
5260,"Wiley","Jake","141393.0"
1613,"Olvera","Amelia","140469.0"
3628,"Duhamel","Ethan","139468.0"
4606,"Reinhardt","Conor","139354.0"
4849,"Gates","Allen","138586.0"
1728,"Metz","Tracy","138497.0"
3482,"Bien","Nino","138384.0"
2116,"Morgan","Beate","138087.0"
4345,"Sauer","Kurt","137961.0"
5661,"Sorrentino","Mateo","137904.0"
3715,"Alba","Ingeborg","137635.0"
4804,"Finzi","Roberta","136156.0"
2103,"Leiva","Rhys","135997.0"
3564,"Anderson","Christian","135132.0"
2226,"Girard","Martha","134845.0"
3934,"Hill","Paige","134688.0"
4453,"Huang","Jose","134640.0"
4270,"Briones","Konrad","131826.0"
5022,"Bourdon","Pompeo","131404.0"
5631,"Walls","Marguerite","128862.0"
5657,"Berengario","Lydia","128410.0"
3928,"Cantu","Hugh","127745.0"
5177,"Amaya","Douglas","127591.0"
5678,"Osborne","Dino","126628.0"
4618,"Zimmer","Heather","125042.0"
4747,"Johann","Karolin","124517.0"
6201,"Henderson","Joanne","123538.0"
5626,"Grenier","Dietmar","123124.0"
1673,"Ungaretti","Celia","123040.0"
2705,"Duarte","Walther","121950.0"
4467,"Charles","Lilija","121138.0"
4840,"Papafava","Elvira","119830.0"
5853,"Hughes","Reginald","119510.0"
4721,"Cimarosa","Josh","119127.0"
5580,"Gamez","Belinda","118847.0"
4925,"Voisin","Antje","118706.0"
1889,"Douglas","Todd","118603.0"
3272,"Murillo","Renato","118580.0"
2767,"Ho","Alec","118214.0"
3126,"Erickson","Sara","117892.0"
4785,"Nicholson","Guillermina","117628.0"
4455,"Cox","Antoinette","116583.0"
5852,"Fioravanti","Franco","116064.0"
3801,"Vivaldi","Emilia","115396.0"
3842,"Hethur","Gianfranco","114615.0"
4113,"Potter","Mason","114523.0"
5368,"Martinez","Jessica","112272.0"
2222,"Lombard","Eitel","111502.0"
3768,"Rico","Nath","110689.0"
1463,"Gaggini","Pierina","110279.0"
1531,"Pertile","Fanny","109374.0"
1707,"Hornich","Logan","109106.0"
2618,"Taylor","Hortense","108974.0"
4390,"Roht","Astrid","108161.0"
4744,"Petrocelli","Gail","107743.0"
1592,"Monti","Jorge","107622.0"
5151,"Riviere","Lucia","107516.0"
3216,"Rose","Jacinto","106321.0"
3286,"Caron","Egon","105817.0"
3578,"Cruz","Alejandro","105598.0"
3605,"Novak","Brian","104257.0"
2177,"Sontag","Brenda","103554.0"
1651,"Pagliaro","Conchita","103255.0"
5154,"Maldonado","Constance","102751.0"
4520,"Vallee","Laszlo","102749.0"
1905,"Gonzales","Carmine","102535.0"
5001,"Carpenter","Isidor","101987.0"
4701,"Gumprich","Maurice","101352.0"
4998,"Fabre","Enrico","101185.0"
4754,"Howe","Marvin","100900.0"
2260,"Mangold","Steffen","100650.0"
3706,"Carter","Kelly","99361.0"
2604,"Pollard","Adina","99100.0"
4436,"Bonomo","Sylvia","98935.0"
5475,"Elliott","James","98811.0"
4519,"Wang","Bernadette","97524.0"
1918,"Celentano","Giada","97369.0"
2272,"Infantino","Janice","97037.0"
5796,"Duke","Charlotte","96888.0"
4594,"Etzler","Toby","96777.0"
4529,"Allen","Pellegrino","96735.0"
2354,"Kreusel","Edelgard","96328.0"
3872,"Faivre","Glen","95993.0"
3186,"Powell","Friedl","95958.0"
4266,"Camarillo","Thibaut","95364.0"
6205,"Wilms","Patrizia","95020.0"
2646,"Ulibarri","Rachel","94631.0"
6108,"Petruzzi","Leo","94501.0"
1344,"Marques","Ottfried","93991.0"
3429,"Rust","Ottavio","93963.0"
1907,"Arnold","Korinna","92824.0"
3458,"Posada","Dimitri","91722.0"
5497,"Mitschke","Corinne","91176.0"
5201,"Arroyo","Andrea","91014.0"
5374,"Marin","Elias","90706.0"
5921,"Esquivel","Raffaella","90440.0"
5493,"Peters","Evangelos","89288.0"
5566,"Summers","Carly","88536.0"
4034,"Sosa","Ahmad","88055.0"
2277,"Schweitzer","Irmi","88037.0"
4002,"Camacho","Dustin","87676.0"
4770,"Moreno","Ivo","87560.0"
4628,"Galindo","Anita","87448.0"
3790,"Renzi","Eloy","87293.0"
1722,"Noble","Julian","86244.0"
4478,"Tacchini","Emine","86060.0"
6217,"Alexander","Rafael","85902.0"
2225,"Alcaraz","Gianmarco","84891.0"
4356,"Volta","Sonia","83843.0"
2344,"Harrell","Ricky","83267.0"
4890,"Phillips","Rhonda","82959.0"
3431,"Rosemann","Aurore","81984.0"
5354,"Grossi","Christy","81897.0"
3733,"Barber","Liliana","81136.0"
2573,"Giacometti","Bethan","79268.0"
2217,"Valenzuela","Biagio","79045.0"
2878,"Avila","Gabriella","78743.0"
4330,"Bohnbach","Christophe","78630.0"
2508,"Lucero","Laurence","77355.0"
3035,"Vollbrecht","Walburga","77021.0"
3799,"Macias","Carl","77012.0"
1334,"Soto","Soledad","75955.0"
6159,"Rowe","Jordan","75906.0"
5708,"Parry","Filippo","75690.0"
3054,"Pechel","Geronimo","75022.0"
3211,"Joseph","Alejandra","74688.0"
5262,"Munoz","Guadalupe","74073.0"
2849,"Klein","Luke","73653.0"
4630,"Lollobrigida","Lilia","73522.0"
3244,"Hiller","Christine","72623.0"
5704,"Ricciardi","Christiane","71583.0"
3904,"Ughi","Stefani","71320.0"
2031,"Laboy","Tracey","69617.0"
4320,"Terragni","Lisa","68769.0"
3314,"Gray","Catherine","68602.0"
4014,"Marty","Luce","68137.0"
3365,"Bruneau","Alessio","67546.0"
2081,"Weller","Amber","65877.0"
3176,"Pratesi","Stephen","65755.0"
1433,"Guillen","Enrique","65323.0"
4939,"Hess","Michelangelo","62819.0"
5976,"Cabrera","Geraldine","62804.0"
4084,"Gemito","Irma","62330.0"
2213,"Paul","Rosa","62174.0"
2383,"Iannelli","Terri","62127.0"
3275,"Guichard","Shelly","60994.0"
5887,"Owens","Giacobbe","60934.0"
1568,"Gollum","Hanno","60342.0"
1656,"Lombardo","Adalberto","59128.0"
2131,"Rodriguez","Tina","59007.0"
5188,"Oneal","Marliese","59003.0"
2939,"Guillaume","Lauren","57911.0"
4073,"Mende","Marisela","57872.0"
2043,"Blot","Gabino","57734.0"
5761,"Diallo","Sharon","57659.0"
5149,"Oquendo","Miriam","57250.0"
2974,"Hernandez","Gino","57157.0"
1904,"Bray","Ilse","57122.0"
5072,"Marsh","Nelly","57034.0"
2913,"Bennett","Marcantonio","57010.0"
3618,"Wall","Alice","56859.0"
5585,"Davenport","Emilio","56774.0"
3043,"Mancini","Justine","55805.0"
5436,"Montanariello","Svetlana","55757.0"
3290,"Armas","Chantal","55536.0"
1908,"Adinolfi","Dulce","55476.0"
1235,"Chevalier","Cristina","55372.0"
5470,"Wohlgemut","Augustin","53324.0"
5873,"Reynaud","Donald","53067.0"
3123,"Keller","Emmanuelle","52421.0"
2251,"Snyder","Yolanda","51814.0"
3190,"Bohlander","Giulio","51775.0"
5103,"Foconi","Aimee","49879.0"
4129,"Guidotti","Johnathan","48236.0"
2157,"Salcedo","Clayton","48227.0"
4048,"Curiel","Fulvio","47705.0"
2966,"Vecellio","Teresa","47459.0"
5000,"Glover","Joseph","47260.0"
6061,"Lucas","Giulietta","47037.0"
5095,"Knowles","Maximiliano","46317.0"
4643,"Beasley","Maik","45987.0"
4883,"Petitjean","Luciana","45983.0"
4769,"Perez","Philip","45831.0"
3364,"Passalacqua","Pina","45384.0"
4146,"Rogers","Denis","45004.0"
1417,"Surian","Romeo","43473.0"
4945,"Russell","Hailey","43086.0"
4102,"Mace","Sergius","42795.0"
5501,"Stadelmann","Venancio","42596.0"
3251,"Traore","Branka","41564.0"
5675,"Gibilisco","William","41396.0"
2467,"Cross","Calogero","41212.0"
3897,"Govoni","Marcella","41205.0"
5725,"Caldera","Martyn","40228.0"
3567,"Evans","Gilberto","40107.0"
6181,"Poirier","Christopher","39996.0"
5695,"Murphy","Itzel","38533.0"
4495,"Patel","Kerry","38414.0"
5100,"Baeza","Diether","38376.0"
2109,"Hauffer","Anthony","37857.0"
6073,"Comolli","Gareth","37823.0"
1932,"Godfrey","Kathrin","37754.0"
2813,"Oestrovsky","Carmen","35698.0"
3506,"Tanguy","Giuseppina","35536.0"
4148,"Lemonnier","Stefano","35498.0"
4967,"Ernst","Livia","34964.0"
3209,"Iglesias","Toralf","33092.0"
2480,"Zichichi","Eugenia","32986.0"
4604,"Ward","Oreste","32951.0"
2080,"Leoncavallo","Ennio","31864.0"
3173,"Weinhold","Erin","31665.0"
2442,"Poulain","Raisa","31594.0"
3455,"Finetti","Alfonso","31123.0"
2609,"Gucci","Henry","30902.0"
2307,"Palmer","Amanda","30331.0"
5466,"Schwartz","Thierry","30215.0"
5245,"Beck","Gianluca","28870.0"
3017,"Jones","Brett","28358.0"
2069,"David","Kendra","27844.0"
4420,"Gonzalez","Roman","26914.0"
2623,"Ammaniti","Krystal","26571.0"
6055,"Dominguez","Emmanuel","26527.0"
4087,"Avogadro","Karen","26303.0"
5395,"Gibbons","Dina","26176.0"
3895,"Langlois","Debra","24882.0"
4171,"Cobb","Antonina","24234.0"
2456,"Germano","Jacqueline","23956.0"
3528,"Nitto","Alphonse","23159.0"
5698,"Barker","Heidi","22073.0"
3280,"Geisel","Ariadna","21946.0"
6007,"Kruschwitz","Mathilde","21477.0"
5989,"Davis","Sarah","21307.0"
1542,"Alfieri","Randy","20915.0"
1952,"Robinson","Cynthia","20243.0"
3735,"Michaud","Joe","19769.0"
4400,"Singh","Vincent","19557.0"
3096,"Cordier","Zacharie","19246.0"
5753,"White","Reinhilde","18829.0"
2097,"Babati","Arcelia","17879.0"
3032,"Saraceno","Florentine","16592.0"
4321,"Swanson","Folker","16389.0"
2993,"Ingram","Alfredo","16168.0"
5799,"Bishop","Janko","15723.0"
6103,"Wagenknecht","Reynaldo","15238.0"
3283,"Gerlach","Roger","14973.0"
3203,"Edwards","Luis","14951.0"
1663,"Cole","Katelyn","14942.0"
4210,"Boaga","Dennis","14925.0"
2265,"Joly","Pero","14878.0"
3650,"Valentin","Magarete","14865.0"
4398,"Noel","Adrian","14827.0"
2336,"Tafuri","Camille","14822.0"
3592,"Morvan","Mesut","14771.0"
3475,"Payne","Pamela","14743.0"
4842,"Moon","Kayla","14741.0"
2165,"Williams","Geoffrey","14725.0"
2565,"Didier","Dolores","14697.0"
3149,"Pinto","Raven","14685.0"
4914,"Jackson","Gregory","14649.0"
4265,"Schmiedt","Eraldo","14644.0"
1340,"Guyon","Antoine","14643.0"
5126,"Baca","Wilfriede","14640.0"
5850,"Paz","Dorothe","14606.0"
3961,"Knox","Stacey","14606.0"
3402,"Galeati","Abbie","14577.0"
3765,"Ellis","Mariana","14560.0"
2017,"Herve","Alberico","14547.0"
4718,"Bruce","Dionigi","14536.0"
4796,"Vespa","Trinidad","14511.0"
2194,"Valle","Rupert","14508.0"
5663,"Amaldi","Ettore","14488.0"
4326,"Goodwin","Sheila","14455.0"
3325,"Fibonacci","Laurie","14452.0"
3238,"Bolzmann","Giuliano","14420.0"
1968,"Klemm","Melania","14408.0"
3631,"Brown","Ubaldo","14405.0"
1484,"George","Herlinde","14394.0"
4427,"Tomaselli","Margot","14381.0"
2527,"Davidson","Lucy","14324.0"
1544,"Valdivia","Elizabeth","14324.0"
5385,"Zamorani","Kathy","14310.0"
5923,"Gaillard","Salvador","14305.0"
2798,"Jacobs","Victor","14273.0"
1658,"Valdez","Esteban","14249.0"
4506,"Massey","Gianpaolo","14240.0"
4272,"Day","Jenna","14199.0"
4158,"Leger","Damien","14150.0"
1261,"Antonioni","Theres","14150.0"
4502,"Merino","Renee","14097.0"
5869,"Cooley","Katherine","14089.0"
2749,"Trapp","Veronica","14083.0"
4588,"Collier","Michelle","14046.0"
3731,"Austin","Lucas","14033.0"
5336,"Long","Gian","14025.0"
2862,"Sollima","Esmeralda","14006.0"
5445,"Morrison","Hector","13985.0"
2881,"Marks","Ansaldo","13980.0"
4508,"Gulotta","Letizia","13954.0"
2134,"Vigorelli","Gordon","13950.0"
2243,"Monnier","Leif","13868.0"
6094,"Comencini","Pomponio","13864.0"
3064,"Thompson","Tatiana","13838.0"
5361,"Pineau","Carin","13835.0"
5288,"Ayala","Gabrielle","13816.0"
1394,"Trujillo","Mercedes","13772.0"
2140,"Albert","Walli","13755.0"
1865,"Samson","Xavier","13684.0"
5490,"Juvara","Jasmine","13678.0"
1816,"Butler","Carla","13656.0"
2357,"Brun","Alyssa","13653.0"
2851,"Vogt","Peter","13653.0"
3456,"Todd","Mehdi","13632.0"
5119,"Fritz","Denny","13536.0"
3199,"Mitchell","Rotraud","13527.0"
1979,"Morton","Gloria","13513.0"
2062,"Piacentini","Serena","13474.0"
2981,"Hale","Cristian","13468.0"
5242,"Ornelas","Leah","13441.0"
4577,"Schleich","Robin","13439.0"
2005,"Kennedy","Heidelore","13424.0"
5995,"Wulf","Adriano","13404.0"
5662,"Wells","Emiliano","13385.0"
2430,"Webb","Kim","13382.0"
5690,"Roberts","Hartwig","13264.0"
2003,"Daugherty","Manon","13250.0"
3924,"Renner","Julio","13223.0"
5773,"Peacock","Jamie","13213.0"
2392,"Schmitt","Bozena","13212.0"
4847,"Cadena","Anastasie","13205.0"
5650,"Luna","Socorro","13195.0"
3396,"Bouvet","Giacomo","13164.0"
2619,"Collazo","Eddie","13103.0"
1628,"Delahaye","Kevin","13065.0"
4690,"Barkholz","Elisa","13045.0"
2188,"Telesio","Beverley","13018.0"
2940,"Ocampo","Cameron","12991.0"
1763,"Bolander","Antonino","12985.0"
3574,"Kallert","Werner","12955.0"
3909,"Borrego","Lolita","12944.0"
4497,"Textor","Alwina","12939.0"
3271,"Hubert","Marianne","12939.0"
6089,"Kline","Antonia","12938.0"
1675,"Vidal","Graziella","12886.0"
4394,"Hanson","Brianna","12812.0"
5786,"Salgado","Diethard","12797.0"
3530,"Moulin","Beatriz","12684.0"
4477,"Cooper","Madeleine","12678.0"
1612,"Mueller","Gudrun","12635.0"
2141,"Blasi","Christelle","12620.0"
5720,"Wood","Denise","12607.0"
4874,"Heidrich","Jacques","12597.0"
2779,"Palomo","Alonso","12552.0"
3481,"Davids","April","12533.0"
2085,"Guibert","Barbara","12516.0"
1372,"Cibin","Aldo","12497.0"
3606,"Hunter","Annie","12468.0"
5858,"Larsen","Guillermo","12467.0"
2339,"Morin","Regina","12449.0"
3307,"Canali","Melissa","12437.0"
3737,"Fernandez","Shane","12434.0"
2988,"Olson","Brandon","12405.0"
1873,"Tomasini","Pasquale","12360.0"
3070,"Thomas","Abdul","12356.0"
1992,"Faure","Andrey","12322.0"
2653,"Ali","Julia","12310.0"
2202,"Baxter","Joanna","12309.0"
1693,"Lara","Natasha","12300.0"
3841,"Bernier","Francis","12275.0"
6162,"Techer","Riza","12274.0"
4327,"Aporti","Deanna","12219.0"
5306,"Palacios","Nicolas","12216.0"
2028,"Garnier","Frances","12202.0"
2321,"Cafarchia","Ludovico","12174.0"
2389,"Hooper","Margrit","12155.0"
3879,"Gallegos","Rufino","12129.0"
2205,"Sharp","Rita","12129.0"
5419,"Tschentscher","Vanessa","12102.0"
3707,"Zamora","Ingolf","12100.0"
6163,"Rios","Emma","12065.0"
2067,"Peltier","Rosie","12047.0"
3613,"Mason","Clinton","12042.0"
5946,"Cornejo","Gilbert","12020.0"
4547,"Houston","Ariana","12009.0"
2185,"Martel","Micaela","11990.0"
4861,"Connolly","Randall","11969.0"
5203,"Barrios","Jill","11960.0"
2058,"Remy","Calcedonio","11952.0"
5825,"Molina","Kornelius","11948.0"
5219,"Angulo","Ippazio","11941.0"
2153,"Mohaupt","Monica","11929.0"
5911,"Turner","Chad","11924.0"
4678,"Gay","Cilly","11904.0"
2010,"Butte","Judith","11900.0"
2034,"Gibson","Antonio","11746.0"
5444,"Bonnin","Serafina","11735.0"
2431,"Holzapfel","Ermenegildo","11721.0"
4083,"Blackburn","Ferdi","11663.0"
2297,"James","Manfred","11648.0"
2842,"Toro","Rosalia","11642.0"
1797,"Hamon","Rodney","11619.0"
5461,"Saunders","Mauricio","11579.0"
5821,"Andersen","Katie","11539.0"
3676,"Cedillo","Agnolo","11525.0"
2720,"Weeks","Tristan","11502.0"
4085,"Gomez","Jeremy","11493.0"
3520,"Greggio","Corey","11469.0"
4482,"Olivera","Gerald","11339.0"
3682,"Hussain","Gionata","11280.0"
3838,"Vittadello","Marco","11277.0"
5881,"Segovia","Estela","11261.0"
5629,"Kelly","Ian","11255.0"
6098,"Emanuelli","Allan","11228.0"
1375,"Ferraris","Edda","11214.0"
5815,"Junken","Galasso","11174.0"
2125,"Stewart","Cory","11174.0"
5529,"Romo","Noelia","11167.0"
2338,"Angiolello","Aurelia","11108.0"
1553,"Lettiere","Hansjoachim","11108.0"
3494,"Norbiato","Bettina","11091.0"
3867,"Chapman","Tania","11091.0"
3558,"Lefevre","Shannon","11088.0"
4869,"Guzman","Leonardo","11075.0"
1441,"Hicks","Umberto","11075.0"
2100,"Ackermann","Pauline","11061.0"
4269,"Antoine","Sophie","11041.0"
1615,"Heydrich","Giancarlo","10999.0"
2111,"Cuellar","Angelica","10981.0"
4178,"Montes","Gonzalo","10946.0"
4952,"Canales","Paula","10938.0"
5560,"Rich","Valeria","10850.0"
4250,"Moses","Luca","10831.0"
4951,"Abbott","Sergio","10804.0"
3420,"Galarza","Ellie","10770.0"
2908,"Gosselin","Amico","10756.0"
2261,"Koch","Lucrezia","10755.0"
5682,"Smith","Alex","10748.0"
5144,"Bernard","Claudia","10739.0"
2892,"Pascarella","Eloisa","10731.0"
5544,"Contarini","Olivie","10729.0"
5768,"Savage","Editha","10723.0"
3647,"Brooks","Ramona","10704.0"
5864,"Lomeli","Swantje","10682.0"
2216,"Bender","Marcelle","10658.0"
4532,"Zito","Paulo","10657.0"
3305,"Ebert","Devin","10557.0"
3279,"Esquibel","Rosmarie","10550.0"
1294,"Graham","Jens","10541.0"
5685,"Normand","Bekir","10451.0"
5150,"Charpentier","Carolyn","10422.0"
6207,"Rousseau","Rochus","10397.0"
2190,"Krein","Guido","10353.0"
3474,"Caldwell","Guglielmo","10328.0"
3224,"Lambert","Alexandrie","10313.0"
5602,"Morris","Lotti","10295.0"
5771,"Cowan","Travis","10289.0"
6132,"Santana","Elliot","10243.0"
6078,"Lacroix","Jeffery","10240.0"
4369,"Wheeler","Juan","10138.0"
1485,"Little","Derrick","10093.0"
3241,"Wallace","Jaqueline","10085.0"
3670,"Robles","Gabriel","10084.0"
2537,"Peron","Ann","10037.0"
5901,"Nguyen","Maria","10012.0"
1922,"Travaglia","Victoire","9969.0"
3259,"Scholtz","Pierangelo","9967.0"
5342,"Accardo","Ivan","9935.0"
4587,"McLean","Virginie","9910.0"
6074,"Abbagnale","Brandi","9889.0"
4865,"Sullivan","Ottone","9829.0"
2159,"Dehmel","Camillo","9817.0"
4186,"Carranza","Griselda","9749.0"
3087,"Bradley","Tim","9676.0"
2384,"Anichini","Irene","9562.0"
2396,"Dorsey","Francisco","9546.0"
4912,"Lindner","Durante","9520.0"
6234,"Kaiser","Nico","9508.0"
2583,"Jimenez","Elena","9419.0"
4003,"Gallagher","Bill","9339.0"
2989,"Rolland","Liam","9337.0"
2917,"Tran","Brittany","9318.0"
6064,"Higgins","Coriolano","9317.0"
2219,"Holt","Uriel","9289.0"
3571,"Lacombe","Miranda","9253.0"
1304,"Sinisi","June","9238.0"
4351,"Solimena","Kathleen","9216.0"
5755,"Raya","Sally","9193.0"
5256,"Brookes","Silvester","9134.0"
4218,"Pons","Brent","9076.0"
1687,"Bauer","Fiorenzo","9021.0"
6063,"Delaunay","Lore","8964.0"
5300,"Cunningham","Kyle","8929.0"
4533,"Gertz","Aurelio","8917.0"
4263,"Burke","Jutta","8907.0"
4568,"Villareal","Blanka","8906.0"
3368,"Fantozzi","Yuridia","8890.0"
4491,"Cugia","Elsa","8866.0"
4836,"Pratt","Octavio","8864.0"
5660,"Richard","Marisol","8842.0"
3193,"Coulon","Metin","8829.0"
3185,"Etzold","Mary","8807.0"
3386,"Aumann","Marc","8799.0"
1537,"Anguillara","Nuray","8747.0"
5696,"Pruvost","Michela","8746.0"
2152,"Jacob","Lara","8716.0"
5165,"Miles","Julien","8703.0"
3510,"Gritti","Benito","8697.0"
2687,"Pizzetti","Catalina","8656.0"
2133,"Gutierrez","Lando","8645.0"
4527,"Boyer","Edeltrud","8641.0"
5059,"Trevisan","Adelgunde","8621.0"
1672,"Bell","Daniela","8588.0"
2794,"Ruppert","Fidel","8558.0"
5036,"Renaud","Marisa","8550.0"
4591,"Bruder","Robert","8523.0"
3717,"Martin","Eugenio","8517.0"
4165,"Burnett","Auguste","8505.0"
4401,"Puga","Ehrentraud","8501.0"
3074,"Cainero","Alicia","8475.0"
6144,"Lawson","Lynn","8447.0"
5619,"Huerta","Desiree","8432.0"
2741,"Herrmann","Elliott","8366.0"
2170,"Jennings","Nathan","8363.0"
4121,"Preston","Juliette","8332.0"
3079,"Mota","Siegrun","8330.0"
2916,"Descamps","Michael","8322.0"
3336,"Badoer","Jonas","8317.0"
3607,"Mazzini","Cristal","8276.0"
5636,"Laurent","Lothar","8262.0"
2280,"Guillon","Patricio","8244.0"
3174,"Barillaro","Alexa","8219.0"
2736,"Leonard","Lilla","8181.0"
4257,"Gilbert","Louis","8161.0"
4750,"Irizarry","Morgan","8158.0"
1431,"Sykes","Micheletto","8153.0"
2961,"Burgess","Pia","8142.0"
4789,"Trapanese","Mark","8125.0"
1377,"Legendre","Albert","8117.0"
2462,"Leclercq","Ellinor","8109.0"
1249,"Pruschke","Isabel","8092.0"
2262,"Respighi","Homero","8089.0"
2803,"Guilbert","Debbie","8081.0"
4797,"Schmiedecke","Troy","8053.0"
2960,"Taccola","Pierluigi","8046.0"
5479,"Castellitto","Jonathan","8038.0"
6010,"Couturier","Rodolfo","8014.0"
2578,"Negrete","Holly","8010.0"
3264,"Heser","Martina","7992.0"
2288,"Zavala","Adam","7991.0"
2577,"Musatti","Austin","7966.0"
1670,"Zaccagnini","Katharine","7875.0"
5140,"Green","Dario","7797.0"
3059,"Benard","Isaac","7767.0"
6122,"Pineda","Alan","7763.0"
2660,"Scheibe","Joshua","7758.0"
3815,"Richardson","Leone","7742.0"
1830,"Stoppani","Tomislav","7724.0"
4391,"Pohl","Alfred","7664.0"
5481,"Gaona","Petros","7661.0"
4474,"Cook","Gerda","7656.0"
3521,"Stiffel","Jelena","7608.0"
1877,"Chindamo","Kirsten","7600.0"
2690,"Gehringer","Nayeli","7548.0"
4517,"Pausini","Alexander","7496.0"
5912,"Holsten","Oscar","7496.0"
2090,"Morales","Alison","7465.0"
1631,"Hurst","Kenneth","7438.0"
2648,"Eigenwillig","Margaret","7413.0"
5156,"Medici","Karla","7348.0"
5251,"Lerma","Natalie","7322.0"
2228,"Verdier","Leokadia","7227.0"
5942,"Lozano","Angelo","7220.0"
3263,"Meyer","Martin","7129.0"
5200,"Miniati","Beth","7120.0"
4852,"Wong","Natividad","7119.0"
4037,"Foster","Abigail","7012.0"
1368,"Valentine","Romina","6987.0"
4404,"Cundari","Emily","6927.0"
4807,"Cavazos","Ron","6924.0"
3390,"Trevino","Sole","6920.0"
2104,"Niemeier","Liberto","6889.0"
3469,"Laureano","Ricciotti","6870.0"
6020,"Laporte","Piermaria","6852.0"
5500,"Sanders","Vincentio","6839.0"
4220,"Weston","Mandy","6800.0"
3373,"Trobbiani","Jos","6785.0"
3111,"Begue","Sevim","6775.0"
6179,"Barrientos","Katherina","6750.0"
3646,"Nicolini","Mirco","6722.0"
2642,"Ovadia","Rouven","6654.0"
5508,"Dossi","Vito","6631.0"
2955,"Delorme","Ernest","6623.0"
3274,"Bibi","Rolando","6608.0"
1729,"Rubio","Felix","6560.0"
1867,"Rogner","Diane","6543.0"
5122,"Bonneau","Susanna","6527.0"
6070,"Gierschner","Silvia","6527.0"
3398,"Hentschel","Kathryn","6514.0"
2374,"Castro","Abelardo","6484.0"
3443,"Etienne","Briana","6430.0"
4734,"Palladio","Paul","6423.0"
4620,"Montalvo","Stanislaw","6408.0"
2816,"Jacques","Rosario","6405.0"
4136,"Nerger","Ernesto","6401.0"
3324,"Parpinel","Ruggero","6369.0"
5096,"Gutknecht","Etta","6358.0"
2830,"Blanc","Rose","6357.0"
2771,"Soliz","Phillip","6351.0"
5711,"Ortega","Valerie","6342.0"
5238,"Briggs","Giacinto","6338.0"
1850,"Begum","Charles","6338.0"
2212,"Lorch","Wilfrido","6336.0"
4168,"Montez","Ashleigh","6303.0"
3870,"Deleon","Isabella","6298.0"
4556,"Kade","Francesca","6269.0"
1757,"Rowley","Claudine","6263.0"
3072,"Jaime","Kasimir","6245.0"
3569,"Solorzano","Raymond","6243.0"
4632,"Leonardi","Gaetano","6226.0"
2706,"Townsend","Mirko","6205.0"
2059,"Kostolzin","Alwine","6204.0"
1847,"Besnard","Christina","6178.0"
5594,"Clarke","Katarina","6161.0"
5515,"Corrales","Sue","6134.0"
3889,"Harris","Flora","6132.0"
4426,"Gurule","Phyllis","6132.0"
4997,"Kroker","Grace","6115.0"
2790,"Medina","Tadeusz","6100.0"
1558,"King","Stephanie","6089.0"
5779,"Draghi","Istvan","6086.0"
5066,"Ritacca","Dana","6041.0"
5642,"Coardi","Marlen","6031.0"
4149,"Huet","Mattia","6024.0"
4439,"Wieloch","Bernardo","6015.0"
5576,"Rosas","Patrick","6000.0"
5801,"Mielcarek","Sean","5973.0"
4395,"Cisneros","Patrizio","5918.0"
1563,"Stout","Yvonne","5916.0"
6161,"Pierce","Hazel","5897.0"
4790,"Rosselli","Livio","5824.0"
4336,"Hellwig","Ashley","5823.0"
2511,"Madrigal","Janet","5803.0"
2552,"Davies","Angelina","5803.0"
2075,"Corradi","Pascual","5729.0"
2118,"Grassi","Senta","5696.0"
1533,"Mills","Stanley","5674.0"
1299,"Hardy","Sandra","5629.0"
2482,"Washington","Leila","5615.0"
5884,"Oliver","Hugues","5614.0"
5141,"Marcacci","Baccio","5593.0"
5487,"Miller","Paulina","5579.0"
2740,"Bottaro","Samira","5569.0"
2114,"Bolnbach","Timoteo","5528.0"
2912,"Gunpf","Gerd","5523.0"
6036,"Hamilton","Gerardo","5488.0"
6081,"Renard","Fabrizia","5487.0"
4161,"Dijoux","Giorgia","5476.0"
3826,"Warren","Corrado","5465.0"
5734,"Freeman","Anna","5438.0"
5333,"Carroll","Gianna","5438.0"
1326,"Gauthier","Volkmar","5429.0"
1312,"Lutz","Wolf","5421.0"
4969,"Leveque","Melanie","5415.0"
4248,"Luxardo","Justin","5392.0"
3983,"Hoffmann","Kaylee","5368.0"
1478,"Proietti","Gavin","5362.0"
2761,"Gallet","Laetitia","5328.0"
5441,"Vargas","Pam","5324.0"
2703,"Warner","Arnaude","5315.0"
2199,"Sorgatz","Samuel","5265.0"
1268,"Tijerina","Vicente","5178.0"
2712,"Becerra","Francisca","5177.0"
5534,"Folliero","Steven","5113.0"
4619,"Riley","Amador","5112.0"
1376,"Scott","Edward","5107.0"
6105,"Strong","Johanne","5098.0"
5102,"Rees","Mario","5085.0"
4184,"Dawson","Mirjam","5037.0"
6155,"Armenta","Guenther","5033.0"
4020,"Conley","Lodovico","5028.0"
3477,"Lane","John","5027.0"
6013,"Girschner","Alberto","4997.0"
5370,"Toussaint","Erika","4932.0"
4088,"Schneider","Fortunata","4929.0"
5765,"Roy","Harald","4899.0"
4530,"Salazar","Arthur","4899.0"
4922,"Savorgnan","Thibault","4896.0"
2984,"Grant","Kristi","4883.0"
2793,"Vaca","Philippine","4853.0"
1486,"Reeves","Caroline","4832.0"
5784,"Migliaccio","Gelsomina","4814.0"
5707,"Kim","Ryan","4797.0"
2812,"Schuchhardt","Diana","4776.0"
3489,"Olivier","Seth","4756.0"
1501,"Raymond","Alma","4712.0"
5871,"Velasquez","Matthew","4710.0"
3850,"Schacht","Evan","4678.0"
3572,"Frey","Rebeca","4667.0"
1638,"Moran","Sandro","4640.0"
5388,"Scaduto","Pierpaolo","4613.0"
1498,"Pereira","Evangelista","4603.0"
3565,"Harvey","Leonard","4596.0"
5739,"Trommler","Jeffrey","4531.0"
5008,"Caetani","Virginia","4530.0"
2026,"Gaito","Marissa","4509.0"
5645,"Anders","Daniel","4477.0"
4736,"Torres","Andrew","4460.0"
5124,"Fouquet","Harry","4432.0"
5686,"Lee","Giuseppe","4414.0"
4499,"Cattaneo","Zaira","4393.0"
3353,"Benedetti","Allegra","4323.0"
4323,"Trevisani","Karl","4300.0"
5261,"Mcdonald","Matthieu","4275.0"
1243,"Yoder","Flavia","4257.0"
3978,"Alfonsi","Adela","4253.0"
3604,"Wagner","Martino","4247.0"
2487,"Junk","Mitzy","4126.0"
2269,"Traetta","Laure","4124.0"
5264,"Meraz","Brandy","4119.0"
3144,"Vasari","Lawrence","4044.0"
3254,"Walker","Greco","4022.0"
1281,"Ortiz","Mauro","4008.0"
2580,"Chavez","Edeltraud","3988.0"
1810,"Valencia","Reece","3984.0"
1300,"Almaraz","Nanni","3930.0"
3136,"Boyd","Cheryl","3851.0"
4109,"Barbe","Gottfried","3841.0"
1383,"Garcia","Heiderose","3840.0"
5343,"Ramirez","Terry","3839.0"
6047,"Weihmann","Roland","3834.0"
1890,"Stiebitz","Brigitte","3755.0"
5427,"Klapp","Jack","3676.0"
3321,"Nicolas","Tony","3589.0"
1798,"Escalante","Guarino","3534.0"
5652,"Mccullough","Nicole","3525.0"
5900,"Richards","Georges","3496.0"
2441,"Willis","Espartaco","3496.0"
4524,"Holmes","Zbigniew","3431.0"
1652,"Jenkins","Rudolf","3406.0"
4213,"Petrucelli","Olivier","3352.0"
3339,"Berry","Santiago","3351.0"
2942,"Crawford","Lorraine","3349.0"
4603,"Bates","Alf","3326.0"
1399,"Quinn","Luc","3301.0"
3863,"Blanchard","Romana","3295.0"
1786,"Barbier","Alban","3260.0"
3289,"Maillot","Ben","3251.0"
2777,"Zambrano","Erica","3232.0"
6191,"Camiscione","Slobodan","3227.0"
2215,"Lowe","Samantha","3220.0"
5468,"Ladeck","Danielle","3208.0"
4337,"Lira","Marion","3208.0"
1409,"Ojeda","Victoria","3188.0"
5713,"Carbajal","Tobias","3174.0"
4762,"Anaya","Aaron","3144.0"
4464,"Johnson","Leopoldo","3127.0"
4328,"Marie","Federico","3087.0"
3486,"Carpentier","Anel","3079.0"
2896,"Maestas","Mathew","3045.0"
4904,"Benavides","Caleb","3030.0"
3963,"Hayes","Nancy","3012.0"
3057,"Armstrong","Clara","2991.0"
3333,"Jordan","Craig","2960.0"
2987,"Siering","Maximilian","2950.0"
3451,"Dumas","Babette","2946.0"
1891,"Kambs","Reingard","2912.0"
2632,"Tejada","Yeni","2884.0"
1302,"Durand","Bernard","2809.0"
2545,"Harding","Yvette","2778.0"
5318,"Poerio","Reiner","2769.0"
5810,"Arreola","Karina","2758.0"
4995,"Ross","Bryan","2734.0"
2368,"Cuzzocrea","Meta","2721.0"
4798,"Vespucci","Zachary","2708.0"
3657,"Seifert","Natalia","2703.0"
2166,"Tate","Jemma","2625.0"
3273,"Karge","Federigo","2594.0"
2651,"Khan","Vanesa","2538.0"
5991,"Garrett","Kristie","2533.0"
2785,"Fiebig","Courtney","2529.0"
4749,"Mccarty","Jo","2505.0"
4941,"Iannotti","Jeanette","2477.0"
4181,"Alvarez","Nathalie","2461.0"
5027,"Ramazzotti","Tammy","2459.0"
1639,"Armani","Gary","2445.0"
2373,"Fletcher","Brunhilde","2437.0"
1803,"Simmons","Alphons","2289.0"
4025,"Guerin","Imelda","2241.0"
3849,"Middleton","Reina","2212.0"
3432,"Watson","Penny","2148.0"
4881,"Comboni","Fridolin","2129.0"
5983,"Pulido","Damian","2111.0"
3916,"Farrell","Danny","2097.0"
3016,"Farmer","Alain","2091.0"
1419,"Meunier","Jessika","2064.0"
3713,"Burns","Donatella","1985.0"
4093,"Zoppetto","Marie","1980.0"
5472,"Tessier","Javier","1954.0"
2809,"Neal","Lauretta","1953.0"
3012,"Gotthard","Raphaela","1930.0"
3164,"Patterson","Elaine","1914.0"
2906,"Kitzmann","Puccio","1901.0"
1241,"Robertson","Hartmuth","1870.0"
2385,"Carrillo","Gunhild","1863.0"
6033,"Verdugo","Chelsea","1848.0"
2404,"Campos","Enzio","1843.0"
2594,"Carr","Caridad","1768.0"
5726,"Polanco","Helen","1763.0"
1244,"Millet","Donatello","1744.0"
3540,"Baker","Leon","1690.0"
3814,"Chan","Kimberly","1667.0"
1487,"Bustos","Wendy","1620.0"
6202,"Odonnell","Evelin","1599.0"
4033,"Carriera","Ruby","1592.0"
5171,"Boito","Maggie","1586.0"
3599,"Venier","Ria","1583.0"
1321,"Bajardi","Graham","1577.0"
6028,"Berthelot","Jean","1557.0"
2996,"Weitzel","Timothy","1546.0"
1346,"Querini","Florencia","1518.0"
4548,"Liebelt","Patricia","1517.0"
3331,"Ocasio","Arnaldo","1479.0"
3667,"Serna","Gretchen","1424.0"
3699,"Delattre","Eduardo","1414.0"
2873,"Cignaroli","Bonnie","1343.0"
3710,"West","Dragica","1332.0"
5373,"Faulkner","Clelia","1307.0"
5109,"Best","Alexandria","1269.0"
3723,"Canova","Melinda","1269.0"
5443,"Perry","Shelley","1260.0"
3857,"Mendez","Yves","1210.0"
3910,"Clark","Hilary","1146.0"
2601,"Roero","Lorenzo","1136.0"
1471,"Ruiz","Greca","1101.0"
5889,"Murray","Carolina","1090.0"
1906,"Farinelli","Kaitlyn","1065.0"
2670,"Granados","Trevor","1022.0"
5044,"Georges","Amy","1017.0"
2093,"Bernetti","Nicolaus","1012.0"
5818,"Gough","Scott","1002.0"
3460,"Blanchet","Silvano","977.0"
5075,"Bachmann","Mitchell","968.0"
1424,"Patberg","Sonja","968.0"
4708,"Magrassi","Toni","961.0"
6084,"Bowers","Angela","959.0"
6229,"Francis","Eva","943.0"
5842,"Hartung","Mohammad","903.0"
5874,"Naccari","Ludger","903.0"
2066,"Fagotto","Lori","837.0"
3992,"Carrero","Marzena","824.0"
3651,"Dias","Agathe","795.0"
5745,"Schwital","Gioele","773.0"
2444,"Lewis","Lewis","735.0"
3233,"Ferreira","Leonor","718.0"
5565,"Kuhl","Megan","717.0"
1657,"Padilla","Gabriela","709.0"
5469,"Weiss","Aleksandr","702.0"
1494,"Trincavelli","Iris","689.0"
1941,"Travaglio","Nadia","680.0"
5362,"Pena","Birgit","667.0"
1665,"Murialdo","Margaretha","663.0"
4613,"Randall","Berthold","622.0"
6222,"Reid","Hanna","574.0"
3131,"Rudolph","David","557.0"
4407,"Gute","Maurizio","540.0"
5216,"Stanley","Tonino","521.0"
4617,"Cardenas","Pierre","514.0"
2122,"Jensen","Graziano","504.0"
2030,"Lamborghini","Rosl","5.0"
4722,"Coles","Julie","5.0"
5136,"Schultz","Benjamin","5.0"
5559,"Collins","Mirjana","5.0"
6196,"Leblanc","Dale","4.0"
3858,"Benigni","Suzanne","4.0"
6147,"Fox","Roy","3.0"
4561,"Lachmann","Sabine","3.0"
3855,"Key","Vincenza","2.0"
3415,"Vercelloni","Augusto","2.0"
5721,"Moore","Odette","2.0"
3418,"Hartmann","Bethany","2.0"
3714,"Christian","Nicholas","2.0"
3229,"Liguori","Rembrandt","1.0"
5758,"Griffiths","Fiona","1.0"
2184,"Watkins","Israel","1.0"
3440,"Shaw","Brigitta","1.0"
3329,"Steele","Uberto","1.0"
3697,"Mortati","Rico","0.0"
4661,"Velasco","Cecilia","0.0"
